source,case,arm,layout,width,fraction_bits,degree,reductions,status,deterministic_upper,ae_size,a_calls,conservative_cx,control_cancelled_cx,a_qubits,total_qubits
primary,D1,workspace_only,retained,40,20,24,0,ideal_plan,0.10189902835455992625804467727841993450293783734267932969894317491511904456344780,1024,34799,4795253686573,560069334031,1835,3678
primary,D1,workspace_only,reused,40,20,24,0,ideal_plan,0.10189902835455992625804467727841993450293783734267932969894317491511904456344780,1024,34799,4795178348761,559993996219,1113,2234
primary,D1,range_reduced,retained,40,20,8,1,ideal_plan,0.10284620107076944615422628562104144471746375851665068564099510114709707953931839,1024,34799,3929278874701,459008022895,1915,3838
primary,D1,range_reduced,reused,40,20,8,1,ideal_plan,0.10284620107076944615422628562104144471746375851665068564099510114709707953931839,1024,34799,3929199363049,458928511243,1153,2314
primary,D1,range_reduced,retained,40,20,8,2,ideal_plan,0.10403712395192449309949254724889509077614946060634822193060635731506833480209917,1024,34799,4362255990061,509561222095,1995,3998
primary,D1,range_reduced,reused,40,20,8,2,ideal_plan,0.10403712395192449309949254724889509077614946060634822193060635731506833480209917,1024,34799,4362172304569,509477536603,1193,2394
primary,D1,range_reduced,retained,40,20,8,3,ideal_plan,0.10673621462652848914502445305831395961984896182739422087758619531254328855064591,1024,34799,4795233105421,560114421295,2075,4158
primary,D1,range_reduced,reused,40,20,8,3,ideal_plan,0.10673621462652848914502445305831395961984896182739422087758619531254328855064591,1024,34799,4795145246089,560026561963,1233,2474
primary,D1,range_reduced,retained,40,20,12,1,ideal_plan,0.10284625455745198462459225698070066905848326331353580866056960563343447653660952,1024,34799,4363593921069,509717121615,1995,3998
primary,D1,range_reduced,reused,40,20,12,1,ideal_plan,0.10284625455745198462459225698070066905848326331353580866056960563343447653660952,1024,34799,4363510235577,509633436123,1193,2394
primary,D1,range_reduced,retained,40,20,12,2,ideal_plan,0.10403713008137085619860386988725330296381695491118528612664813225672489404491332,1024,34799,4796571036429,560270320815,2075,4158
primary,D1,range_reduced,reused,40,20,12,2,ideal_plan,0.10403713008137085619860386988725330296381695491118528612664813225672489404491332,1024,34799,4796483177097,560182461483,1233,2474
primary,D1,range_reduced,retained,40,20,12,3,ideal_plan,0.10673621469708427364624783861149486451292836744917701141343338299851799316609669,1024,34799,5229548151789,610823520015,2155,4318
primary,D1,range_reduced,reused,40,20,12,3,ideal_plan,0.10673621469708427364624783861149486451292836744917701141343338299851799316609669,1024,34799,5229456118617,610731486843,1273,2554
primary,D1,range_reduced,retained,40,20,16,1,ideal_plan,0.10284635108349114443883840826042323529728711388890638606420879918146825039480146,1024,34799,4363593921069,509717121615,1995,3998
primary,D1,range_reduced,reused,40,20,16,1,ideal_plan,0.10284635108349114443883840826042323529728711388890638606420879918146825039480146,1024,34799,4363510235577,509633436123,1193,2394
primary,D1,range_reduced,retained,40,20,16,2,ideal_plan,0.10403713012443538470032417809061686937510587894265125182249548444860078494285735,1024,34799,4796571036429,560270320815,2075,4158
primary,D1,range_reduced,reused,40,20,16,2,ideal_plan,0.10403713012443538470032417809061686937510587894265125182249548444860078494285735,1024,34799,4796483177097,560182461483,1233,2474
primary,D1,range_reduced,retained,40,20,16,3,ideal_plan,0.10673621469710480186338078316932758101433541940369513499276425846073937056473362,1024,34799,5229548151789,610823520015,2155,4318
primary,D1,range_reduced,reused,40,20,16,3,ideal_plan,0.10673621469710480186338078316932758101433541940369513499276425846073937056473362,1024,34799,5229456118617,610731486843,1273,2554
primary,D1,range_reduced,retained,48,20,8,1,ideal_plan,0.10284620107076944615422628562104144471746375851665068564099510114709707953931839,1024,34799,5638275265453,658550759983,2275,4558
primary,D1,range_reduced,reused,48,20,8,1,ideal_plan,0.10284620107076944615422628562104144471746375851665068564099510114709707953931839,1024,34799,5638179893209,658455387739,1361,2730
primary,D1,range_reduced,retained,48,20,8,2,ideal_plan,0.10403712395192449309949254724889509077614946060634822193060635731506833480209917,1024,34799,6260429944813,731187682159,2371,4750
primary,D1,range_reduced,reused,48,20,8,2,ideal_plan,0.10403712395192449309949254724889509077614946060634822193060635731506833480209917,1024,34799,6260329563961,731087301307,1409,2826
primary,D1,range_reduced,retained,48,20,8,3,ideal_plan,0.10673621462652848914502445305831395961984896182739422087758619531254328855064591,1024,34799,6882584624173,803824604335,2467,4942
primary,D1,range_reduced,reused,48,20,8,3,ideal_plan,0.10673621462652848914502445305831395961984896182739422087758619531254328855064591,1024,34799,6882479234713,803719214875,1457,2922
primary,D1,range_reduced,retained,48,20,12,1,ideal_plan,0.10284625455745198462459225698070066905848326331353580866056960563343447653660952,1024,34799,6262035016813,731374761583,2371,4750
primary,D1,range_reduced,reused,48,20,12,1,ideal_plan,0.10284625455745198462459225698070066905848326331353580866056960563343447653660952,1024,34799,6261934635961,731274380731,1409,2826
primary,D1,range_reduced,retained,48,20,12,2,ideal_plan,0.10403713008137085619860386988725330296381695491118528612664813225672489404491332,1024,34799,6884189696173,804011683759,2467,4942
primary,D1,range_reduced,reused,48,20,12,2,ideal_plan,0.10403713008137085619860386988725330296381695491118528612664813225672489404491332,1024,34799,6884084306713,803906294299,1457,2922
primary,D1,range_reduced,retained,48,20,12,3,ideal_plan,0.10673621469708427364624783861149486451292836744917701141343338299851799316609669,1024,34799,7506344375533,876648605935,2563,5134
primary,D1,range_reduced,reused,48,20,12,3,ideal_plan,0.10673621469708427364624783861149486451292836744917701141343338299851799316609669,1024,34799,7506233977465,876538207867,1505,3018
primary,D1,range_reduced,retained,48,20,16,1,ideal_plan,0.10284635108349114443883840826042323529728711388890638606420879918146825039480146,1024,34799,6262035016813,731374761583,2371,4750
primary,D1,range_reduced,reused,48,20,16,1,ideal_plan,0.10284635108349114443883840826042323529728711388890638606420879918146825039480146,1024,34799,6261934635961,731274380731,1409,2826
primary,D1,range_reduced,retained,48,20,16,2,ideal_plan,0.10403713012443538470032417809061686937510587894265125182249548444860078494285735,1024,34799,6884189696173,804011683759,2467,4942
primary,D1,range_reduced,reused,48,20,16,2,ideal_plan,0.10403713012443538470032417809061686937510587894265125182249548444860078494285735,1024,34799,6884084306713,803906294299,1457,2922
primary,D1,range_reduced,retained,48,20,16,3,ideal_plan,0.10673621469710480186338078316932758101433541940369513499276425846073937056473362,1024,34799,7506344375533,876648605935,2563,5134
primary,D1,range_reduced,reused,48,20,16,3,ideal_plan,0.10673621469710480186338078316932758101433541940369513499276425846073937056473362,1024,34799,7506233977465,876538207867,1505,3018
primary,D1,range_reduced,retained,40,24,8,1,ideal_plan,0.098950170601786765073854711791138355628571100887511561796237806174327682051843057,1024,34799,3929360548005,459019853943,1927,3862
primary,D1,range_reduced,reused,40,24,8,1,ideal_plan,0.098950170601786765073854711791138355628571100887511561796237806174327682051843057,1024,34799,3929281036353,458940342291,1165,2338
primary,D1,range_reduced,retained,40,24,8,2,ideal_plan,0.099022421881765286909906833466096411403811672186020336144099712544849098418443870,1024,34799,4362337663365,509573053143,2007,4022
primary,D1,range_reduced,reused,40,24,8,2,ideal_plan,0.099022421881765286909906833466096411403811672186020336144099712544849098418443870,1024,34799,4362253977873,509489367651,1205,2418
primary,D1,range_reduced,retained,40,24,8,3,ideal_plan,0.099191098566362261110259039404496628880366432531001541253350331832879673368797831,1024,34799,4795314778725,560126252343,2087,4182
primary,D1,range_reduced,reused,40,24,8,3,ideal_plan,0.099191098566362261110259039404496628880366432531001541253350331832879673368797831,1024,34799,4795226919393,560038393011,1245,2498
primary,D1,range_reduced,retained,40,24,12,1,ideal_plan,0.098948149539093686629342507149572116679654167667893994272723504091075096755274817,1024,34799,4797992866789,560438051383,2087,4182
primary,D1,range_reduced,reused,40,24,12,1,ideal_plan,0.098948149539093686629342507149572116679654167667893994272723504091075096755274817,1024,34799,4797905007457,560350192051,1245,2498
primary,D1,range_reduced,retained,40,24,12,2,ideal_plan,0.099022414322786074917935566933958051727293487298136111607127769813676236031336749,1024,34799,5230969982149,610991250583,2167,4342
primary,D1,range_reduced,reused,40,24,12,2,ideal_plan,0.099022414322786074917935566933958051727293487298136111607127769813676236031336749,1024,34799,5230877948977,610899217411,1285,2578
primary,D1,range_reduced,retained,40,24,12,3,ideal_plan,0.099191098539671326327798660980192567367808969337912135903368032206694049913711206,1024,34799,5663947097509,661544449783,2247,4502
primary,D1,range_reduced,reused,40,24,12,3,ideal_plan,0.099191098539671326327798660980192567367808969337912135903368032206694049913711206,1024,34799,5663850890497,661448242771,1325,2658
primary,D1,range_reduced,retained,40,24,16,1,ideal_plan,0.098948155568555279184834819519216499763620382442802126972239137877415762534174887,1024,34799,4797992866789,560438051383,2087,4182
primary,D1,range_reduced,reused,40,24,16,1,ideal_plan,0.098948155568555279184834819519216499763620382442802126972239137877415762534174887,1024,34799,4797905007457,560350192051,1245,2498
primary,D1,range_reduced,retained,40,24,16,2,ideal_plan,0.099022414325476757399379426969903221544111691537009642584645615972825350615642623,1024,34799,5230969982149,610991250583,2167,4342
primary,D1,range_reduced,reused,40,24,16,2,ideal_plan,0.099022414325476757399379426969903221544111691537009642584645615972825350615642623,1024,34799,5230877948977,610899217411,1285,2578
primary,D1,range_reduced,retained,40,24,16,3,ideal_plan,0.099191098539672608980752530891778618944946724606780593050872329216316703904478249,1024,34799,5663947097509,661544449783,2247,4502
primary,D1,range_reduced,reused,40,24,16,3,ideal_plan,0.099191098539672608980752530891778618944946724606780593050872329216316703904478249,1024,34799,5663850890497,661448242771,1325,2658
primary,D1,range_reduced,retained,48,24,8,1,ideal_plan,0.098950170601786765073854711791138355628571100887511561796237806174327682051843057,1024,34799,5638356938757,658562591031,2287,4582
primary,D1,range_reduced,reused,48,24,8,1,ideal_plan,0.098950170601786765073854711791138355628571100887511561796237806174327682051843057,1024,34799,5638261566513,658467218787,1373,2754
primary,D1,range_reduced,retained,48,24,8,2,ideal_plan,0.099022421881765286909906833466096411403811672186020336144099712544849098418443870,1024,34799,6260511618117,731199513207,2383,4774
primary,D1,range_reduced,reused,48,24,8,2,ideal_plan,0.099022421881765286909906833466096411403811672186020336144099712544849098418443870,1024,34799,6260411237265,731099132355,1421,2850
primary,D1,range_reduced,retained,48,24,8,3,ideal_plan,0.099191098566362261110259039404496628880366432531001541253350331832879673368797831,1024,34799,6882666297477,803836435383,2479,4966
primary,D1,range_reduced,reused,48,24,8,3,ideal_plan,0.099191098566362261110259039404496628880366432531001541253350331832879673368797831,1024,34799,6882560908017,803731045923,1469,2946
primary,D1,range_reduced,retained,48,24,12,1,ideal_plan,0.098948149539093686629342507149572116679654167667893994272723504091075096755274817,1024,34799,6885878667525,804210594231,2479,4966
primary,D1,range_reduced,reused,48,24,12,1,ideal_plan,0.098948149539093686629342507149572116679654167667893994272723504091075096755274817,1024,34799,6885773278065,804105204771,1469,2946
primary,D1,range_reduced,retained,48,24,12,2,ideal_plan,0.099022414322786074917935566933958051727293487298136111607127769813676236031336749,1024,34799,7508033346885,876847516407,2575,5158
primary,D1,range_reduced,reused,48,24,12,2,ideal_plan,0.099022414322786074917935566933958051727293487298136111607127769813676236031336749,1024,34799,7507922948817,876737118339,1517,3042
primary,D1,range_reduced,retained,48,24,12,3,ideal_plan,0.099191098539671326327798660980192567367808969337912135903368032206694049913711206,1024,34799,8130188026245,949484438583,2671,5350
primary,D1,range_reduced,reused,48,24,12,3,ideal_plan,0.099191098539671326327798660980192567367808969337912135903368032206694049913711206,1024,34799,8130072619569,949369031907,1565,3138
primary,D1,range_reduced,retained,48,24,16,1,ideal_plan,0.098948155568555279184834819519216499763620382442802126972239137877415762534174887,1024,34799,6885878667525,804210594231,2479,4966
primary,D1,range_reduced,reused,48,24,16,1,ideal_plan,0.098948155568555279184834819519216499763620382442802126972239137877415762534174887,1024,34799,6885773278065,804105204771,1469,2946
primary,D1,range_reduced,retained,48,24,16,2,ideal_plan,0.099022414325476757399379426969903221544111691537009642584645615972825350615642623,1024,34799,7508033346885,876847516407,2575,5158
primary,D1,range_reduced,reused,48,24,16,2,ideal_plan,0.099022414325476757399379426969903221544111691537009642584645615972825350615642623,1024,34799,7507922948817,876737118339,1517,3042
primary,D1,range_reduced,retained,48,24,16,3,ideal_plan,0.099191098539672608980752530891778618944946724606780593050872329216316703904478249,1024,34799,8130188026245,949484438583,2671,5350
primary,D1,range_reduced,reused,48,24,16,3,ideal_plan,0.099191098539672608980752530891778618944946724606780593050872329216316703904478249,1024,34799,8130072619569,949369031907,1565,3138
primary,D2,workspace_only,retained,40,20,24,0,ideal_plan,0.18790249477262767443273665915320736244347631253796237490182823389156541600633954,2048,69615,19250343588301,2248245593175,3465,6939
primary,D2,workspace_only,reused,40,20,24,0,ideal_plan,0.18790249477262767443273665915320736244347631253796237490182823389156541600633954,2048,69615,19249891340497,2247793345371,1299,2607
primary,D2,range_reduced,retained,40,20,8,1,ideal_plan,0.19044329676811933653090309691078284029440254387353424137547439164151182455572611,2048,69615,15784850176013,1843901615895,3625,7259
primary,D2,range_reduced,reused,40,20,8,1,ideal_plan,0.19044329676811933653090309691078284029440254387353424137547439164151182455572611,2048,69615,15784372872929,1843424312811,1339,2687
primary,D2,range_reduced,retained,40,20,8,2,ideal_plan,0.19126587759310145366059601550164350817249803563722215158601882042923821405496226,2048,69615,17517555689933,2046163813335,3785,7579
primary,D2,range_reduced,reused,40,20,8,2,ideal_plan,0.19126587759310145366059601550164350817249803563722215158601882042923821405496226,2048,69615,17517053331569,2045661454971,1379,2767
primary,D2,range_reduced,retained,40,20,8,3,ideal_plan,0.19625377187200080780671030561462969180088609503734942502422804465417276993228275,2048,69615,19250261203853,2248426010775,3945,7899
primary,D2,range_reduced,reused,40,20,8,3,ideal_plan,0.19625377187200080780671030561462969180088609503734942502422804465417276993228275,2048,69615,19249733790209,2247898597131,1419,2847
primary,D2,range_reduced,retained,40,20,12,1,ideal_plan,0.19029708420122014262585048163633322177648046014683482488111237892489227837157532,2048,69615,17522909877197,2046787563735,3785,7579
primary,D2,range_reduced,reused,40,20,12,1,ideal_plan,0.19029708420122014262585048163633322177648046014683482488111237892489227837157532,2048,69615,17522407518833,2046285205371,1379,2767
primary,D2,range_reduced,retained,40,20,12,2,ideal_plan,0.19126618173183599379581301053044766236377744689855599181651581225777116831362689,2048,69615,19255615391117,2249049761175,3945,7899
primary,D2,range_reduced,reused,40,20,12,2,ideal_plan,0.19126618173183599379581301053044766236377744689855599181651581225777116831362689,2048,69615,19255087977473,2248522347531,1419,2847
primary,D2,range_reduced,retained,40,20,12,3,ideal_plan,0.19625377997691549970501771033340382942619792044489948438642428312470280291143846,2048,69615,20988320905037,2451311958615,4105,8219
primary,D2,range_reduced,reused,40,20,12,3,ideal_plan,0.19625377997691549970501771033340382942619792044489948438642428312470280291143846,2048,69615,20987768436113,2450759489691,1459,2927
primary,D2,range_reduced,retained,40,20,16,1,ideal_plan,0.19044549797343086923712613630794906463916956487527356739479023708534310237244244,2048,69615,17522909877197,2046787563735,3785,7579
primary,D2,range_reduced,reused,40,20,16,1,ideal_plan,0.19044549797343086923712613630794906463916956487527356739479023708534310237244244,2048,69615,17522407518833,2046285205371,1379,2767
primary,D2,range_reduced,retained,40,20,16,2,ideal_plan,0.19126624056800665840444081635975203730714696908937044304031089246152680993163021,2048,69615,19255615391117,2249049761175,3945,7899
primary,D2,range_reduced,reused,40,20,16,2,ideal_plan,0.19126624056800665840444081635975203730714696908937044304031089246152680993163021,2048,69615,19255087977473,2248522347531,1419,2847
primary,D2,range_reduced,retained,40,20,16,3,ideal_plan,0.19625378000374797428827756780372102840594401051731870301590973208116225006849384,2048,69615,20988320905037,2451311958615,4105,8219
primary,D2,range_reduced,reused,40,20,16,3,ideal_plan,0.19625378000374797428827756780372102840594401051731870301590973208116225006849384,2048,69615,20987768436113,2450759489691,1459,2927
primary,D2,range_reduced,retained,48,20,8,1,ideal_plan,0.19044329676811933653090309691078284029440254387353424137547439164151182455572611,2048,69615,22636199649773,2643769576599,4321,8651
primary,D2,range_reduced,reused,48,20,8,1,ideal_plan,0.19044329676811933653090309691078284029440254387353424137547439164151182455572611,2048,69615,22635627136625,2643197063451,1579,3167
primary,D2,range_reduced,retained,48,20,8,2,ideal_plan,0.19126587759310145366059601550164350817249803563722215158601882042923821405496226,2048,69615,25125963672173,2934388244247,4513,9035
primary,D2,range_reduced,reused,48,20,8,2,ideal_plan,0.19126587759310145366059601550164350817249803563722215158601882042923821405496226,2048,69615,25125361092689,2933785664763,1627,3263
primary,D2,range_reduced,retained,48,20,8,3,ideal_plan,0.19625377187200080780671030561462969180088609503734942502422804465417276993228275,2048,69615,27615727694573,3225006911895,4705,9419
primary,D2,range_reduced,reused,48,20,8,3,ideal_plan,0.19625377187200080780671030561462969180088609503734942502422804465417276993228275,2048,69615,27615095048753,3224374266075,1675,3359
primary,D2,range_reduced,retained,48,20,12,1,ideal_plan,0.19029708420122014262585048163633322177648046014683482488111237892489227837157532,2048,69615,25132386915181,2935136744727,4513,9035
primary,D2,range_reduced,reused,48,20,12,1,ideal_plan,0.19029708420122014262585048163633322177648046014683482488111237892489227837157532,2048,69615,25131784335697,2934534165243,1627,3263
primary,D2,range_reduced,retained,48,20,12,2,ideal_plan,0.19126618173183599379581301053044766236377744689855599181651581225777116831362689,2048,69615,27622150937581,3225755412375,4705,9419
primary,D2,range_reduced,reused,48,20,12,2,ideal_plan,0.19126618173183599379581301053044766236377744689855599181651581225777116831362689,2048,69615,27621518291761,3225122766555,1675,3359
primary,D2,range_reduced,retained,48,20,12,3,ideal_plan,0.19625377997691549970501771033340382942619792044489948438642428312470280291143846,2048,69615,30111914959981,3516374080023,4897,9803
primary,D2,range_reduced,reused,48,20,12,3,ideal_plan,0.19625377997691549970501771033340382942619792044489948438642428312470280291143846,2048,69615,30111252247825,3515711367867,1723,3455
primary,D2,range_reduced,retained,48,20,16,1,ideal_plan,0.19044549797343086923712613630794906463916956487527356739479023708534310237244244,2048,69615,25132386915181,2935136744727,4513,9035
primary,D2,range_reduced,reused,48,20,16,1,ideal_plan,0.19044549797343086923712613630794906463916956487527356739479023708534310237244244,2048,69615,25131784335697,2934534165243,1627,3263
primary,D2,range_reduced,retained,48,20,16,2,ideal_plan,0.19126624056800665840444081635975203730714696908937044304031089246152680993163021,2048,69615,27622150937581,3225755412375,4705,9419
primary,D2,range_reduced,reused,48,20,16,2,ideal_plan,0.19126624056800665840444081635975203730714696908937044304031089246152680993163021,2048,69615,27621518291761,3225122766555,1675,3359
primary,D2,range_reduced,retained,48,20,16,3,ideal_plan,0.19625378000374797428827756780372102840594401051731870301590973208116225006849384,2048,69615,30111914959981,3516374080023,4897,9803
primary,D2,range_reduced,reused,48,20,16,3,ideal_plan,0.19625378000374797428827756780372102840594401051731870301590973208116225006849384,2048,69615,30111252247825,3515711367867,1723,3455
primary,D2,range_reduced,retained,40,24,8,1,ideal_plan,0.17532919498203734049849407397526031567485054936214475520029073916771314679448313,2048,69615,15785106026557,1843938093543,3637,7283
primary,D2,range_reduced,reused,40,24,8,1,ideal_plan,0.17532919498203734049849407397526031567485054936214475520029073916771314679448313,2048,69615,15784628723473,1843460790459,1351,2711
primary,D2,range_reduced,retained,40,24,8,2,ideal_plan,0.17485916472765190056368892303788034330674696060351405923344345509930185846229161,2048,69615,17517811540477,2046200290983,3797,7603
primary,D2,range_reduced,reused,40,24,8,2,ideal_plan,0.17485916472765190056368892303788034330674696060351405923344345509930185846229161,2048,69615,17517309182113,2045697932619,1391,2791
primary,D2,range_reduced,retained,40,24,8,3,ideal_plan,0.17516862238661704859019341384425660053802706417274344426344382353845450192882796,2048,69615,19250517054397,2248462488423,3957,7923
primary,D2,range_reduced,reused,40,24,8,3,ideal_plan,0.17516862238661704859019341384425660053802706417274344426344382353845450192882796,2048,69615,19249989640753,2247935074779,1431,2871
primary,D2,range_reduced,retained,40,24,12,1,ideal_plan,0.17480511666255399786499470018085405841033964762790438816550090712123462537009439,2048,69615,19261234337469,2249709989223,3957,7923
primary,D2,range_reduced,reused,40,24,12,1,ideal_plan,0.17480511666255399786499470018085405841033964762790438816550090712123462537009439,2048,69615,19260706923825,2249182575579,1431,2871
primary,D2,range_reduced,retained,40,24,12,2,ideal_plan,0.17485716026541194160756542682073258104523069200216082277456208960418759595240121,2048,69615,20993939851389,2451972186663,4117,8243
primary,D2,range_reduced,reused,40,24,12,2,ideal_plan,0.17485716026541194160756542682073258104523069200216082277456208960418759595240121,2048,69615,20993387382465,2451419717739,1471,2951
primary,D2,range_reduced,retained,40,24,12,3,ideal_plan,0.17516861495845118088541110782939663600756082591518245051702655247323887357127631,2048,69615,22726645365309,2654234384103,4277,8563
primary,D2,range_reduced,reused,40,24,12,3,ideal_plan,0.17516861495845118088541110782939663600756082591518245051702655247323887357127631,2048,69615,22726067841105,2653656859899,1511,3031
primary,D2,range_reduced,retained,40,24,16,1,ideal_plan,0.17481438275818542665346570983279806483941874381346338073101390737525662081317426,2048,69615,19261234337469,2249709989223,3957,7923
primary,D2,range_reduced,reused,40,24,16,1,ideal_plan,0.17481438275818542665346570983279806483941874381346338073101390737525662081317426,2048,69615,19260706923825,2249182575579,1431,2871
primary,D2,range_reduced,retained,40,24,16,2,ideal_plan,0.17485716394071026386662190724481895016431054593719550892479220165316896591185818,2048,69615,20993939851389,2451972186663,4117,8243
primary,D2,range_reduced,reused,40,24,16,2,ideal_plan,0.17485716394071026386662190724481895016431054593719550892479220165316896591185818,2048,69615,20993387382465,2451419717739,1471,2951
primary,D2,range_reduced,retained,40,24,16,3,ideal_plan,0.17516861496012762577040069054475169569591331704893392186655875935103735817118638,2048,69615,22726645365309,2654234384103,4277,8563
primary,D2,range_reduced,reused,40,24,16,3,ideal_plan,0.17516861496012762577040069054475169569591331704893392186655875935103735817118638,2048,69615,22726067841105,2653656859899,1511,3031
primary,D2,range_reduced,retained,48,24,8,1,ideal_plan,0.17532919498203734049849407397526031567485054936214475520029073916771314679448313,2048,69615,22636455500317,2643806054247,4333,8675
primary,D2,range_reduced,reused,48,24,8,1,ideal_plan,0.17532919498203734049849407397526031567485054936214475520029073916771314679448313,2048,69615,22635882987169,2643233541099,1591,3191
primary,D2,range_reduced,retained,48,24,8,2,ideal_plan,0.17485916472765190056368892303788034330674696060351405923344345509930185846229161,2048,69615,25126219522717,2934424721895,4525,9059
primary,D2,range_reduced,reused,48,24,8,2,ideal_plan,0.17485916472765190056368892303788034330674696060351405923344345509930185846229161,2048,69615,25125616943233,2933822142411,1639,3287
primary,D2,range_reduced,retained,48,24,8,3,ideal_plan,0.17516862238661704859019341384425660053802706417274344426344382353845450192882796,2048,69615,27615983545117,3225043389543,4717,9443
primary,D2,range_reduced,reused,48,24,8,3,ideal_plan,0.17516862238661704859019341384425660053802706417274344426344382353845450192882796,2048,69615,27615350899297,3224410743723,1687,3383
primary,D2,range_reduced,retained,48,24,12,1,ideal_plan,0.17480511666255399786499470018085405841033964762790438816550090712123462537009439,2048,69615,27628838939677,3226540390503,4717,9443
primary,D2,range_reduced,reused,48,24,12,1,ideal_plan,0.17480511666255399786499470018085405841033964762790438816550090712123462537009439,2048,69615,27628206293857,3225907744683,1687,3383
primary,D2,range_reduced,retained,48,24,12,2,ideal_plan,0.17485716026541194160756542682073258104523069200216082277456208960418759595240121,2048,69615,30118602962077,3517159058151,4909,9827
primary,D2,range_reduced,reused,48,24,12,2,ideal_plan,0.17485716026541194160756542682073258104523069200216082277456208960418759595240121,2048,69615,30117940249921,3516496345995,1735,3479
primary,D2,range_reduced,retained,48,24,12,3,ideal_plan,0.17516861495845118088541110782939663600756082591518245051702655247323887357127631,2048,69615,32608366984477,3807777725799,5101,10211
primary,D2,range_reduced,reused,48,24,12,3,ideal_plan,0.17516861495845118088541110782939663600756082591518245051702655247323887357127631,2048,69615,32607674205985,3807084947307,1783,3575
primary,D2,range_reduced,retained,48,24,16,1,ideal_plan,0.17481438275818542665346570983279806483941874381346338073101390737525662081317426,2048,69615,27628838939677,3226540390503,4717,9443
primary,D2,range_reduced,reused,48,24,16,1,ideal_plan,0.17481438275818542665346570983279806483941874381346338073101390737525662081317426,2048,69615,27628206293857,3225907744683,1687,3383
primary,D2,range_reduced,retained,48,24,16,2,ideal_plan,0.17485716394071026386662190724481895016431054593719550892479220165316896591185818,2048,69615,30118602962077,3517159058151,4909,9827
primary,D2,range_reduced,reused,48,24,16,2,ideal_plan,0.17485716394071026386662190724481895016431054593719550892479220165316896591185818,2048,69615,30117940249921,3516496345995,1735,3479
primary,D2,range_reduced,retained,48,24,16,3,ideal_plan,0.17516861496012762577040069054475169569591331704893392186655875935103735817118638,2048,69615,32608366984477,3807777725799,5101,10211
primary,D2,range_reduced,reused,48,24,16,3,ideal_plan,0.17516861496012762577040069054475169569591331704893392186655875935103735817118638,2048,69615,32607674205985,3807084947307,1783,3575
residual,D1,signed_residual,reused,48,24,8,1,ideal_plan,0.10296484386504933651439362890390536371300984573562950044857680327580613607672917,128,4335,893945932501,104719289723,2364,4733
residual,D1,signed_residual,reused,48,24,8,2,ideal_plan,0.10328174714352120635087031534782544078239072704281206196965281413658549310232125,128,4335,971213574709,113767229915,2412,4829
residual,D1,signed_residual,reused,48,24,8,3,ideal_plan,0.10402158607688629175129664748027007641833033838115640012773134504745993538897207,128,4335,1048481216917,122815170107,2460,4925
residual,D1,signed_residual,reused,48,24,12,1,ideal_plan,0.10295597923363012073542269555971732846840480906677400870230972408524914493280365,128,4335,1048880175637,122861780027,2460,4925
residual,D1,signed_residual,reused,48,24,12,2,ideal_plan,0.10328171398885809479265823997392926063553027302708889865021608585434003895086499,128,4335,1126147817845,131909720219,2508,5021
residual,D1,signed_residual,reused,48,24,12,3,ideal_plan,0.10402158595981603597915782402374317881191636005290892104343187625556610409112255,128,4335,1203415460053,140957660411,2556,5117
residual,D1,signed_residual,reused,48,24,16,1,ideal_plan,0.10295600567959535028436161474837431356154981417734875947044799890977055571028634,128,4335,1048880175637,122861780027,2460,4925
residual,D1,signed_residual,reused,48,24,16,2,ideal_plan,0.10328171400065977709717741148122065265499046462811335205049551622988349228796078,128,4335,1126147817845,131909720219,2508,5021
residual,D1,signed_residual,reused,48,24,16,3,ideal_plan,0.10402158595982166187838541795987060375647585604306066094102780164086522131026872,128,4335,1203415460053,140957660411,2556,5117
residual,D2,signed_residual,reused,48,24,8,1,ideal_plan,0.20538903965072820877223085911042173463158364863925404126078110201048177349783143,256,8687,3209213488374,375312500844,2578,5162
residual,D2,signed_residual,reused,48,24,8,2,ideal_plan,0.20332731450177931598611502739855699518604898078568861520203200352831347902981604,256,8687,3519428103894,411573982284,2626,5258
residual,D2,signed_residual,reused,48,24,8,3,ideal_plan,0.20468470851680325967308493390066493707333419433287339128949481059492700575836381,256,8687,3829642719414,447835463724,2674,5354
residual,D2,signed_residual,reused,48,24,12,1,ideal_plan,0.20309024032363575084157346839984331874733251612230624105212417165369529300329430,256,8687,3831244468662,448022268972,2674,5354
residual,D2,signed_residual,reused,48,24,12,2,ideal_plan,0.20331852221051119685906648292221612426330245116620073411766035637581134820023161,256,8687,4141459084182,484283750412,2722,5450
residual,D2,signed_residual,reused,48,24,12,3,ideal_plan,0.20468467593412420934848984515261726080905814280185097610762523397805158746142488,256,8687,4451673699702,520545231852,2770,5546
residual,D2,signed_residual,reused,48,24,16,1,ideal_plan,0.20313088473216104691874570801113368728934374527529819122038567544795833901580515,256,8687,3831244468662,448022268972,2674,5354
residual,D2,signed_residual,reused,48,24,16,2,ideal_plan,0.20331853833168946607635653504552321984792393273365043921530178373613477497391969,256,8687,4141459084182,484283750412,2722,5450
residual,D2,signed_residual,reused,48,24,16,3,ideal_plan,0.20468467594147771580008069112194661449550023412602035695108420878965525821216257,256,8687,4451673699702,520545231852,2770,5546
