pt_idx,S0,K,T,r,sigma,ref_source,p,sim_price,ref_price,delta,oracle_queries
1,80.0,105.0,0.25,0.05,0.25,grid,0,0.1453281890945928,0.13258216494475755,0.01274602414983525,19
1,80.0,105.0,0.25,0.05,0.25,grid,0.0001,0.13501109247927895,0.13258216494475755,0.0024289275345213968,11
1,80.0,105.0,0.25,0.05,0.25,grid,0.001,0.36802543378533786,0.13258216494475755,0.2354432688405803,13
1,80.0,105.0,0.25,0.05,0.25,grid,0.005,0.7621440244666243,0.13258216494475755,0.6295618595218668,13
1,80.0,105.0,0.25,0.05,0.25,grid,0.01,0.35793711448860643,0.13258216494475755,0.22535494954384888,11
2,100.0,100.0,0.5,0.05,0.2,grid,0,7.160112146312146,7.226842443921186,0.06673029760903937,13
2,100.0,100.0,0.5,0.05,0.2,grid,0.0001,7.080774269724978,7.226842443921186,0.14606817419620732,13
2,100.0,100.0,0.5,0.05,0.2,grid,0.001,8.545022367566952,7.226842443921186,1.3181799236457667,17
2,100.0,100.0,0.5,0.05,0.2,grid,0.005,8.592204854873728,7.226842443921186,1.3653624109525424,15
2,100.0,100.0,0.5,0.05,0.2,grid,0.01,10.430636681976548,7.226842443921186,3.2037942380553623,17
3,100.0,90.0,0.75,0.05,0.25,grid,0,17.30219943251579,16.519435192915633,0.7827642396001551,7
3,100.0,90.0,0.75,0.05,0.25,grid,0.0001,16.62467493113639,16.519435192915633,0.1052397382207566,17
3,100.0,90.0,0.75,0.05,0.25,grid,0.001,15.948895121475402,16.519435192915633,0.5705400714402309,15
3,100.0,90.0,0.75,0.05,0.25,grid,0.005,20.298805916301717,16.519435192915633,3.7793707233860836,19
3,100.0,90.0,0.75,0.05,0.25,grid,0.01,18.467163244180334,16.519435192915633,1.9477280512647006,17
4,90.0,110.0,0.25,0.05,0.3,grid,0,0.9271498063872804,0.8745498665031152,0.052599939884165225,11
4,90.0,110.0,0.25,0.05,0.3,grid,0.0001,0.9754985371818988,0.8745498665031152,0.10094867067878366,19
4,90.0,110.0,0.25,0.05,0.3,grid,0.001,1.1284060146317716,0.8745498665031152,0.2538561481286564,11
4,90.0,110.0,0.25,0.05,0.3,grid,0.005,2.6804447555747055,0.8745498665031152,1.8058948890715905,13
4,90.0,110.0,0.25,0.05,0.3,grid,0.01,2.997627522053589,0.8745498665031152,2.123077655550474,13
5,90.0,105.0,0.5,0.05,0.2,grid,0,1.696321251740633,1.630476681738518,0.06584457000211508,11
5,90.0,105.0,0.5,0.05,0.2,grid,0.0001,1.44064489713928,1.630476681738518,0.18983178459923788,11
5,90.0,105.0,0.5,0.05,0.2,grid,0.001,1.6088242285258447,1.630476681738518,0.021652453212673173,11
5,90.0,105.0,0.5,0.05,0.2,grid,0.005,3.0532641558321902,1.630476681738518,1.4227874740936723,13
5,90.0,105.0,0.5,0.05,0.2,grid,0.01,3.4498788418051998,1.630476681738518,1.8194021600666819,13
6,80.0,110.0,1.0,0.05,0.3,grid,0,2.976082961351174,3.032337649270047,0.056254687918873,19
6,80.0,110.0,1.0,0.05,0.3,grid,0.0001,3.0875238649725545,3.032337649270047,0.05518621570250737,11
6,80.0,110.0,1.0,0.05,0.3,grid,0.001,2.657387956878868,3.032337649270047,0.37494969239117903,19
6,80.0,110.0,1.0,0.05,0.3,grid,0.005,6.117623853098375,3.032337649270047,3.085286203828328,13
6,80.0,110.0,1.0,0.05,0.3,grid,0.01,9.117959227584887,3.032337649270047,6.085621578314839,15
7,80.0,100.0,1.0,0.05,0.25,grid,0,3.2625238926929665,3.4546173662462123,0.1920934735532458,13
7,80.0,100.0,1.0,0.05,0.25,grid,0.0001,3.37075022897832,3.4546173662462123,0.0838671372678923,13
7,80.0,100.0,1.0,0.05,0.25,grid,0.001,3.9799449009643526,3.4546173662462123,0.5253275347181403,13
7,80.0,100.0,1.0,0.05,0.25,grid,0.005,8.191059314243638,3.4546173662462123,4.736441947997426,15
7,80.0,100.0,1.0,0.05,0.25,grid,0.01,6.405764800735767,3.4546173662462123,2.9511474344895547,13
8,120.0,105.0,0.75,0.05,0.2,grid,0,20.82726382729383,20.87229580485421,0.04503197756038091,19
8,120.0,105.0,0.75,0.05,0.2,grid,0.0001,20.838369579402883,20.87229580485421,0.03392622545132795,17
8,120.0,105.0,0.75,0.05,0.2,grid,0.001,20.431577172507264,20.87229580485421,0.44071863234694675,17
8,120.0,105.0,0.75,0.05,0.2,grid,0.005,31.812255679145146,20.87229580485421,10.939959874290935,7
8,120.0,105.0,0.75,0.05,0.2,grid,0.01,34.80047096692091,20.87229580485421,13.928175162066701,7
9,80.0,95.0,1.5,0.05,0.2,grid,0,4.68707823558521,4.687353910458874,0.0002756748736647552,13
9,80.0,95.0,1.5,0.05,0.2,grid,0.0001,4.736079695409844,4.687353910458874,0.04872578495096924,13
9,80.0,95.0,1.5,0.05,0.2,grid,0.001,5.263761067019679,4.687353910458874,0.5764071565608049,13
9,80.0,95.0,1.5,0.05,0.2,grid,0.005,6.668899607097169,4.687353910458874,1.9815456966382943,13
9,80.0,95.0,1.5,0.05,0.2,grid,0.01,6.859008939721887,4.687353910458874,2.171655029263013,13
10,110.0,100.0,0.75,0.05,0.3,grid,0,18.57890979730454,18.469517885273923,0.10939191203061682,15
10,110.0,100.0,0.75,0.05,0.3,grid,0.0001,18.338962059182386,18.469517885273923,0.1305558260915376,13
10,110.0,100.0,0.75,0.05,0.3,grid,0.001,20.195331777788418,18.469517885273923,1.7258138925144948,17
10,110.0,100.0,0.75,0.05,0.3,grid,0.005,19.534401672459325,18.469517885273923,1.0648837871854013,15
10,110.0,100.0,0.75,0.05,0.3,grid,0.01,26.622615060264945,18.469517885273923,8.153097174991021,19
11,100.0,105.0,0.5,0.05,0.3,grid,0,8.12743756005373,7.918663038907919,0.20877452114581097,15
11,100.0,105.0,0.5,0.05,0.3,grid,0.0001,7.736549648168949,7.918663038907919,0.18211339073897026,11
11,100.0,105.0,0.5,0.05,0.3,grid,0.001,8.87757836332171,7.918663038907919,0.9589153244137911,15
11,100.0,105.0,0.5,0.05,0.3,grid,0.005,8.244210547560904,7.918663038907919,0.3255475086529849,13
11,100.0,105.0,0.5,0.05,0.3,grid,0.01,14.28594345070706,7.918663038907919,6.3672804117991415,17
12,100.0,105.0,0.5,0.05,0.15,grid,0,3.5725009986872136,3.439889159808615,0.1326118388785984,13
12,100.0,105.0,0.5,0.05,0.15,grid,0.0001,3.320709053256082,3.439889159808615,0.11918010655253308,11
12,100.0,105.0,0.5,0.05,0.15,grid,0.001,3.4817845304157484,3.439889159808615,0.04189537060713322,13
12,100.0,105.0,0.5,0.05,0.15,grid,0.005,6.383276497160688,3.439889159808615,2.943387337352073,17
12,100.0,105.0,0.5,0.05,0.15,grid,0.01,5.6085558341937665,3.439889159808615,2.1686666743851513,15
13,80.0,95.0,2.0,0.05,0.3,grid,0,11.363416532092875,10.93062135911185,0.43279517298102554,13
13,80.0,95.0,2.0,0.05,0.3,grid,0.0001,11.519746834568473,10.93062135911185,0.5891254754566226,13
13,80.0,95.0,2.0,0.05,0.3,grid,0.001,11.853172403301752,10.93062135911185,0.9225510441899019,13
13,80.0,95.0,2.0,0.05,0.3,grid,0.005,13.127766129333109,10.93062135911185,2.197144770221259,13
13,80.0,95.0,2.0,0.05,0.3,grid,0.01,23.414069353650056,10.93062135911185,12.483447994538206,17
14,90.0,105.0,0.25,0.05,0.15,grid,0,0.16298520949780126,0.15326645567582078,0.00971875382198048,17
14,90.0,105.0,0.25,0.05,0.15,grid,0.0001,0.139747887896063,0.15326645567582078,0.013518567779757795,19
14,90.0,105.0,0.25,0.05,0.15,grid,0.001,0.15258817433466623,0.15326645567582078,0.0006782813411545519,11
14,90.0,105.0,0.25,0.05,0.15,grid,0.005,0.2933983581387597,0.15326645567582078,0.1401319024629389,11
14,90.0,105.0,0.25,0.05,0.15,grid,0.01,0.8702585547554134,0.15326645567582078,0.7169920990795926,13
15,90.0,105.0,1.0,0.05,0.3,grid,0,7.150412719358314,7.006885169277485,0.14352755008082863,11
15,90.0,105.0,1.0,0.05,0.3,grid,0.0001,7.2345423884838915,7.006885169277485,0.22765721920640658,13
15,90.0,105.0,1.0,0.05,0.3,grid,0.001,7.335395252306165,7.006885169277485,0.32851008302868046,13
15,90.0,105.0,1.0,0.05,0.3,grid,0.005,9.663598476756638,7.006885169277485,2.656713307479153,13
15,90.0,105.0,1.0,0.05,0.3,grid,0.01,13.833076276547631,7.006885169277485,6.826191107270146,15
16,120.0,95.0,0.25,0.05,0.2,grid,0,26.273546716117135,26.18418909701739,0.0893576190997436,15
16,120.0,95.0,0.25,0.05,0.2,grid,0.0001,26.77073840495642,26.18418909701739,0.5865493079390269,13
16,120.0,95.0,0.25,0.05,0.2,grid,0.001,27.606768626134023,26.18418909701739,1.422579529116632,11
16,120.0,95.0,0.25,0.05,0.2,grid,0.005,29.763518096732867,26.18418909701739,3.579328999715475,13
16,120.0,95.0,0.25,0.05,0.2,grid,0.01,30.498967513550028,26.18418909701739,4.314778416532636,11
17,100.0,100.0,1.0,0.05,0.15,grid,0,8.427808017310786,8.707256534963411,0.27944851765262513,15
17,100.0,100.0,1.0,0.05,0.15,grid,0.0001,8.875645516392359,8.707256534963411,0.1683889814289472,15
17,100.0,100.0,1.0,0.05,0.15,grid,0.001,9.56248239938367,8.707256534963411,0.8552258644202588,17
17,100.0,100.0,1.0,0.05,0.15,grid,0.005,9.269556072889701,8.707256534963411,0.5622995379262896,15
17,100.0,100.0,1.0,0.05,0.15,grid,0.01,9.64194427150915,8.707256534963411,0.9346877365457384,15
18,120.0,110.0,0.5,0.05,0.15,grid,0,14.070655291840216,13.857531419056661,0.21312387278355516,17
18,120.0,110.0,0.5,0.05,0.15,grid,0.0001,14.971769957956516,13.857531419056661,1.1142385388998548,7
18,120.0,110.0,0.5,0.05,0.15,grid,0.001,13.944591153714923,13.857531419056661,0.08705973465826133,19
18,120.0,110.0,0.5,0.05,0.15,grid,0.005,20.305680940402294,13.857531419056661,6.448149521345632,7
18,120.0,110.0,0.5,0.05,0.15,grid,0.01,12.017666555008628,13.857531419056661,1.8398648640480335,17
19,90.0,100.0,0.5,0.05,0.15,grid,0,1.6820045298864168,1.5368329131643093,0.14517161672210754,11
19,90.0,100.0,0.5,0.05,0.15,grid,0.0001,1.4995682748976296,1.5368329131643093,0.037264638266679695,11
19,90.0,100.0,0.5,0.05,0.15,grid,0.001,1.4225220656533033,1.5368329131643093,0.11431084751100595,11
19,90.0,100.0,0.5,0.05,0.15,grid,0.005,1.290703362024884,1.5368329131643093,0.24612955113942525,11
19,90.0,100.0,0.5,0.05,0.15,grid,0.01,2.860707144467471,1.5368329131643093,1.3238742313031617,13
20,110.0,100.0,0.75,0.05,0.15,grid,0,14.840293870088408,15.025328325515499,0.18503445542709152,19
20,110.0,100.0,0.75,0.05,0.15,grid,0.0001,14.921803874893476,15.025328325515499,0.10352445062202342,19
20,110.0,100.0,0.75,0.05,0.15,grid,0.001,15.174320844048124,15.025328325515499,0.14899251853262463,19
20,110.0,100.0,0.75,0.05,0.15,grid,0.005,24.102020016265485,15.025328325515499,9.076691690749985,9
20,110.0,100.0,0.75,0.05,0.15,grid,0.01,25.559518814395787,15.025328325515499,10.534190488880288,7
21,90.0,105.0,0.25,0.05,0.25,grid,0,0.9354160585301899,0.9202133618838606,0.015202696646329339,19
21,90.0,105.0,0.25,0.05,0.25,grid,0.0001,1.0256886647363848,0.9202133618838606,0.10547530285252416,11
21,90.0,105.0,0.25,0.05,0.25,grid,0.001,0.5034307099423923,0.9202133618838606,0.41678265194146835,17
21,90.0,105.0,0.25,0.05,0.25,grid,0.005,2.3334026510239276,0.9202133618838606,1.413189289140067,13
21,90.0,105.0,0.25,0.05,0.25,grid,0.01,2.7998660396435606,0.9202133618838606,1.8796526777597,13
22,110.0,105.0,1.0,0.05,0.25,grid,0,16.256810902981684,16.065630648467433,0.1911802545142507,15
22,110.0,105.0,1.0,0.05,0.25,grid,0.0001,16.877316441103694,16.065630648467433,0.8116857926362613,13
22,110.0,105.0,1.0,0.05,0.25,grid,0.001,15.470479259253056,16.065630648467433,0.5951513892143776,13
22,110.0,105.0,1.0,0.05,0.25,grid,0.005,33.069122755981375,16.065630648467433,17.003492107513942,7
22,110.0,105.0,1.0,0.05,0.25,grid,0.01,37.844353578651734,16.065630648467433,21.7787229301843,7
23,100.0,90.0,1.0,0.05,0.2,grid,0,16.768595078969373,16.985033783652582,0.2164387046832097,17
23,100.0,90.0,1.0,0.05,0.2,grid,0.0001,16.740097654086497,16.985033783652582,0.24493612956608501,15
23,100.0,90.0,1.0,0.05,0.2,grid,0.001,18.270707628602867,16.985033783652582,1.285673844950285,19
23,100.0,90.0,1.0,0.05,0.2,grid,0.005,17.195447150167638,16.985033783652582,0.2104133665150556,17
23,100.0,90.0,1.0,0.05,0.2,grid,0.01,19.98424092065362,16.985033783652582,2.9992071370010365,19
24,80.0,100.0,0.5,0.05,0.15,grid,0,0.19751551792494745,0.1857783972210922,0.011737120703855242,13
24,80.0,100.0,0.5,0.05,0.15,grid,0.0001,0.20097009531140883,0.1857783972210922,0.015191698090316619,13
24,80.0,100.0,0.5,0.05,0.15,grid,0.001,0.20252215206648522,0.1857783972210922,0.016743754845393005,11
24,80.0,100.0,0.5,0.05,0.15,grid,0.005,0.9083970736149698,0.1857783972210922,0.7226186763938776,13
24,80.0,100.0,0.5,0.05,0.15,grid,0.01,1.0796886642950356,0.1857783972210922,0.8939102670739434,13
25,90.0,90.0,1.0,0.05,0.15,grid,0,7.654265770745881,7.836530881467055,0.18226511072117368,15
25,90.0,90.0,1.0,0.05,0.15,grid,0.0001,7.542122513630974,7.836530881467055,0.2944083678360805,13
25,90.0,90.0,1.0,0.05,0.15,grid,0.001,8.224842705770747,7.836530881467055,0.3883118243036927,15
25,90.0,90.0,1.0,0.05,0.15,grid,0.005,6.8946436729389955,7.836530881467055,0.9418872085280592,13
25,90.0,90.0,1.0,0.05,0.15,grid,0.01,10.542498879070658,7.836530881467055,2.7059679976036035,17
26,100.0,105.0,2.0,0.05,0.3,grid,0,18.06704691890685,18.55337813329042,0.4863312143835685,15
26,100.0,105.0,2.0,0.05,0.3,grid,0.0001,19.17203360060893,18.55337813329042,0.6186554673185114,15
26,100.0,105.0,2.0,0.05,0.3,grid,0.001,18.15286403491456,18.55337813329042,0.40051409837585794,13
26,100.0,105.0,2.0,0.05,0.3,grid,0.005,31.333304875403655,18.55337813329042,12.779926742113236,17
26,100.0,105.0,2.0,0.05,0.3,grid,0.01,26.968694044519776,18.55337813329042,8.415315911229357,15
27,90.0,90.0,0.75,0.05,0.15,grid,0,6.647663168050722,6.587165911780536,0.060497256270186206,15
27,90.0,90.0,0.75,0.05,0.15,grid,0.0001,6.493496546588354,6.587165911780536,0.0936693651921825,13
27,90.0,90.0,0.75,0.05,0.15,grid,0.001,6.808026381430671,6.587165911780536,0.22086046965013484,15
27,90.0,90.0,0.75,0.05,0.15,grid,0.005,8.591185266127527,6.587165911780536,2.0040193543469904,17
27,90.0,90.0,0.75,0.05,0.15,grid,0.01,7.475883445022897,6.587165911780536,0.8887175332423611,15
28,90.0,100.0,2.0,0.05,0.2,grid,0,10.891343508035325,10.418693021074253,0.47265048696107215,13
28,90.0,100.0,2.0,0.05,0.2,grid,0.0001,10.809513354115923,10.418693021074253,0.3908203330416704,15
28,90.0,100.0,2.0,0.05,0.2,grid,0.001,11.761825972958615,10.418693021074253,1.3431329518843622,15
28,90.0,100.0,2.0,0.05,0.2,grid,0.005,14.07299526478659,10.418693021074253,3.654302243712337,15
28,90.0,100.0,2.0,0.05,0.2,grid,0.01,15.152176551659759,10.418693021074253,4.733483530585506,15
29,100.0,105.0,1.5,0.05,0.3,grid,0,15.318864671981814,15.51120071574294,0.19233604376112545,13
29,100.0,105.0,1.5,0.05,0.3,grid,0.0001,15.706551227930552,15.51120071574294,0.19535051218761268,15
29,100.0,105.0,1.5,0.05,0.3,grid,0.001,17.668642637955298,15.51120071574294,2.1574419222123584,15
29,100.0,105.0,1.5,0.05,0.3,grid,0.005,20.4971348129854,15.51120071574294,4.9859340972424615,15
29,100.0,105.0,1.5,0.05,0.3,grid,0.01,26.914738153455616,15.51120071574294,11.403537437712677,17
30,80.0,95.0,2.0,0.05,0.25,grid,0,8.705229112253255,9.207759276688485,0.50253016443523,13
30,80.0,95.0,2.0,0.05,0.25,grid,0.0001,9.379870750341423,9.207759276688485,0.17211147365293833,13
30,80.0,95.0,2.0,0.05,0.25,grid,0.001,9.739831717122522,9.207759276688485,0.5320724404340371,13
30,80.0,95.0,2.0,0.05,0.25,grid,0.005,14.37292134428041,9.207759276688485,5.165162067591925,15
30,80.0,95.0,2.0,0.05,0.25,grid,0.01,15.485418196777838,9.207759276688485,6.277658920089353,15
31,110.0,90.0,1.5,0.05,0.15,grid,0,26.890527768850287,26.852733367993608,0.03779440085667929,19
31,110.0,90.0,1.5,0.05,0.15,grid,0.0001,26.942844124854417,26.852733367993608,0.09011075686080972,7
31,110.0,90.0,1.5,0.05,0.15,grid,0.001,24.995108925744386,26.852733367993608,1.8576244422492216,17
31,110.0,90.0,1.5,0.05,0.15,grid,0.005,38.9602334529185,26.852733367993608,12.107500084924894,11
31,110.0,90.0,1.5,0.05,0.15,grid,0.01,42.19694999043602,26.852733367993608,15.34421662244241,11
32,80.0,100.0,0.5,0.05,0.25,grid,0,1.1638837032286173,1.1573628604477784,0.006520842780838976,11
32,80.0,100.0,0.5,0.05,0.25,grid,0.0001,1.2753489507156013,1.1573628604477784,0.11798609026782292,11
32,80.0,100.0,0.5,0.05,0.25,grid,0.001,0.5529428827138755,1.1573628604477784,0.6044199777339029,17
32,80.0,100.0,0.5,0.05,0.25,grid,0.005,3.038483283146496,1.1573628604477784,1.8811204226987175,13
32,80.0,100.0,0.5,0.05,0.25,grid,0.01,3.4446252292230413,1.1573628604477784,2.287262368775263,13
33,100.0,110.0,1.5,0.05,0.25,grid,0,11.91648214990154,11.826130270880677,0.09035187902086328,15
33,100.0,110.0,1.5,0.05,0.25,grid,0.0001,11.562683350049676,11.826130270880677,0.26344692083100085,13
33,100.0,110.0,1.5,0.05,0.25,grid,0.001,11.502520164487914,11.826130270880677,0.32361010639276344,13
33,100.0,110.0,1.5,0.05,0.25,grid,0.005,12.879792053914043,11.826130270880677,1.053661783033366,13
33,100.0,110.0,1.5,0.05,0.25,grid,0.01,17.28491499338089,11.826130270880677,5.458784722500214,15
34,100.0,110.0,0.25,0.05,0.3,grid,0,3.0098178901507855,3.0528891223481938,0.04307123219740827,13
34,100.0,110.0,0.25,0.05,0.3,grid,0.0001,3.0129181674366743,3.0528891223481938,0.039970954911519474,11
34,100.0,110.0,0.25,0.05,0.3,grid,0.001,2.67763371635067,3.0528891223481938,0.3752554059975237,11
34,100.0,110.0,0.25,0.05,0.3,grid,0.005,4.450585911922397,3.0528891223481938,1.3976967895742036,13
34,100.0,110.0,0.25,0.05,0.3,grid,0.01,7.063770981762317,3.0528891223481938,4.010881859414123,15
35,90.0,110.0,2.0,0.05,0.3,grid,0,11.596076302823493,11.513055608342764,0.08302069448072835,11
35,90.0,110.0,2.0,0.05,0.3,grid,0.0001,11.195420680913365,11.513055608342764,0.317634927429399,13
35,90.0,110.0,2.0,0.05,0.3,grid,0.001,12.390855892578724,11.513055608342764,0.8778002842359598,13
35,90.0,110.0,2.0,0.05,0.3,grid,0.005,15.117427575795066,11.513055608342764,3.604371967452302,13
35,90.0,110.0,2.0,0.05,0.3,grid,0.01,20.94174369228993,11.513055608342764,9.428688083947165,15
36,120.0,100.0,0.5,0.05,0.3,grid,0,24.186445415960076,24.87288593555876,0.6864405195986834,17
36,120.0,100.0,0.5,0.05,0.3,grid,0.0001,24.3162511314468,24.87288593555876,0.5566348041119582,7
36,120.0,100.0,0.5,0.05,0.3,grid,0.001,25.36242542308243,24.87288593555876,0.4895394875236718,19
36,120.0,100.0,0.5,0.05,0.3,grid,0.005,37.170960173825165,24.87288593555876,12.298074238266405,7
36,120.0,100.0,0.5,0.05,0.3,grid,0.01,43.39892605817178,24.87288593555876,18.526040122613022,7
37,110.0,110.0,0.25,0.05,0.2,grid,0,5.337538681123843,5.399079347379988,0.06154066625614529,15
37,110.0,110.0,0.25,0.05,0.2,grid,0.0001,5.365311142437557,5.399079347379988,0.03376820494243127,15
37,110.0,110.0,0.25,0.05,0.2,grid,0.001,5.437830419165343,5.399079347379988,0.038751071785354974,13
37,110.0,110.0,0.25,0.05,0.2,grid,0.005,6.324899829661773,5.399079347379988,0.925820482281785,15
37,110.0,110.0,0.25,0.05,0.2,grid,0.01,6.657658106610334,5.399079347379988,1.2585787592303461,15
38,120.0,100.0,2.0,0.05,0.2,grid,0,32.801305287026544,32.32409473362751,0.47721055339903273,19
38,120.0,100.0,2.0,0.05,0.2,grid,0.0001,31.886350700345055,32.32409473362751,0.43774403328245626,17
38,120.0,100.0,2.0,0.05,0.2,grid,0.001,33.68442328340514,32.32409473362751,1.360328549777627,19
38,120.0,100.0,2.0,0.05,0.2,grid,0.005,32.14619599729455,32.32409473362751,0.17789873633296338,17
38,120.0,100.0,2.0,0.05,0.2,grid,0.01,26.79817110734019,32.32409473362751,5.525923626287323,15
39,80.0,105.0,2.0,0.05,0.2,grid,0,3.9246233084652946,4.289842400805126,0.3652190923398315,11
39,80.0,105.0,2.0,0.05,0.2,grid,0.0001,4.638161606742198,4.289842400805126,0.3483192059370719,15
39,80.0,105.0,2.0,0.05,0.2,grid,0.001,5.478350586811076,4.289842400805126,1.1885081860059499,13
39,80.0,105.0,2.0,0.05,0.2,grid,0.005,9.717828790898535,4.289842400805126,5.427986390093409,15
39,80.0,105.0,2.0,0.05,0.2,grid,0.01,10.384724488866384,4.289842400805126,6.094882088061258,15
40,110.0,90.0,1.0,0.05,0.25,grid,0,26.563939732778607,26.759291335261178,0.195351602482571,17
40,110.0,90.0,1.0,0.05,0.25,grid,0.0001,26.67477476254538,26.759291335261178,0.08451657271579904,15
40,110.0,90.0,1.0,0.05,0.25,grid,0.001,26.228750327533614,26.759291335261178,0.5305410077275639,17
40,110.0,90.0,1.0,0.05,0.25,grid,0.005,25.75445529934516,26.759291335261178,1.0048360359160178,17
40,110.0,90.0,1.0,0.05,0.25,grid,0.01,45.92439158952954,26.759291335261178,19.165100254268363,7
41,80.0,95.0,0.25,0.05,0.25,grid,0,0.6129149362818544,0.6290625074009193,0.01614757111906484,19
41,80.0,95.0,0.25,0.05,0.25,grid,0.0001,0.6062568014069731,0.6290625074009193,0.022805705993946157,19
41,80.0,95.0,0.25,0.05,0.25,grid,0.001,0.636976680685637,0.6290625074009193,0.007914173284717663,11
41,80.0,95.0,0.25,0.05,0.25,grid,0.005,0.679507643317166,0.6290625074009193,0.050445135916246664,19
41,80.0,95.0,0.25,0.05,0.25,grid,0.01,2.232247260512349,0.6290625074009193,1.6031847531114298,13
42,120.0,105.0,1.5,0.05,0.3,grid,0,29.364679525852004,29.74684154096768,0.38216201511567505,15
42,120.0,105.0,1.5,0.05,0.3,grid,0.0001,29.661734875385797,29.74684154096768,0.08510666558188262,13
42,120.0,105.0,1.5,0.05,0.3,grid,0.001,29.987454543815222,29.74684154096768,0.2406130028475424,15
42,120.0,105.0,1.5,0.05,0.3,grid,0.005,30.7566103999112,29.74684154096768,1.00976885894352,15
42,120.0,105.0,1.5,0.05,0.3,grid,0.01,37.412987517436996,29.74684154096768,7.666145976469316,17
43,100.0,95.0,0.75,0.05,0.15,grid,0,10.658341726410988,10.51854658577316,0.13979514063782794,17
43,100.0,95.0,0.75,0.05,0.15,grid,0.0001,10.611674772138812,10.51854658577316,0.0931281863656519,17
43,100.0,95.0,0.75,0.05,0.15,grid,0.001,12.526218292020507,10.51854658577316,2.007671706247347,7
43,100.0,95.0,0.75,0.05,0.15,grid,0.005,11.284290101606434,10.51854658577316,0.7657435158332735,17
43,100.0,95.0,0.75,0.05,0.15,grid,0.01,21.07400962043547,10.51854658577316,10.555463034662308,7
44,100.0,110.0,2.0,0.05,0.2,grid,0,11.8471046342425,12.012649134328694,0.16554450008619348,13
44,100.0,110.0,2.0,0.05,0.2,grid,0.0001,11.865953913978071,12.012649134328694,0.14669522035062244,13
44,100.0,110.0,2.0,0.05,0.2,grid,0.001,13.504516439157257,12.012649134328694,1.4918673048285633,15
44,100.0,110.0,2.0,0.05,0.2,grid,0.005,15.933125760113807,12.012649134328694,3.9204766257851134,15
44,100.0,110.0,2.0,0.05,0.2,grid,0.01,16.321963136205216,12.012649134328694,4.309314001876523,15
45,120.0,110.0,2.0,0.05,0.2,grid,0,25.24387349968803,25.1031780787674,0.14069542092062903,17
45,120.0,110.0,2.0,0.05,0.2,grid,0.0001,25.437959729288277,25.1031780787674,0.3347816505208776,17
45,120.0,110.0,2.0,0.05,0.2,grid,0.001,26.72215102528437,25.1031780787674,1.618972946516969,17
45,120.0,110.0,2.0,0.05,0.2,grid,0.005,28.414086396193003,25.1031780787674,3.3109083174256035,17
45,120.0,110.0,2.0,0.05,0.2,grid,0.01,29.501964356452028,25.1031780787674,4.3987862776846285,17
46,90.0,95.0,2.0,0.05,0.2,grid,0,12.274580860469044,12.3863610708972,0.11178021042815622,13
46,90.0,95.0,2.0,0.05,0.2,grid,0.0001,12.901622197900734,12.3863610708972,0.5152611270035337,13
46,90.0,95.0,2.0,0.05,0.2,grid,0.001,12.560503621573185,12.3863610708972,0.1741425506759846,13
46,90.0,95.0,2.0,0.05,0.2,grid,0.005,15.414099428001064,12.3863610708972,3.027738357103864,15
46,90.0,95.0,2.0,0.05,0.2,grid,0.01,15.855050778029335,12.3863610708972,3.4686897071321354,15
47,80.0,90.0,1.5,0.05,0.2,grid,0,6.630737798531593,6.713654960117327,0.08291716158573426,13
47,80.0,90.0,1.5,0.05,0.2,grid,0.0001,6.852715755614557,6.713654960117327,0.1390607954972296,13
47,80.0,90.0,1.5,0.05,0.2,grid,0.001,7.061283410921208,6.713654960117327,0.3476284508038807,13
47,80.0,90.0,1.5,0.05,0.2,grid,0.005,9.978919186392472,6.713654960117327,3.2652642262751455,15
47,80.0,90.0,1.5,0.05,0.2,grid,0.01,10.80602489084269,6.713654960117327,4.092369930725362,15
48,120.0,100.0,1.0,0.05,0.2,grid,0,27.651882288222364,26.461423854520202,1.1904584337021618,7
48,120.0,100.0,1.0,0.05,0.2,grid,0.0001,26.373616127100416,26.461423854520202,0.08780772741978637,19
48,120.0,100.0,1.0,0.05,0.2,grid,0.001,26.050976829564316,26.461423854520202,0.4104470249558858,19
48,120.0,100.0,1.0,0.05,0.2,grid,0.005,23.248929279020164,26.461423854520202,3.2124945755000383,17
48,120.0,100.0,1.0,0.05,0.2,grid,0.01,42.93363488482357,26.461423854520202,16.472211030303367,7
49,90.0,105.0,0.75,0.05,0.25,grid,0,4.250986589117956,4.008693316844159,0.24229327227379738,13
49,90.0,105.0,0.75,0.05,0.25,grid,0.0001,4.2278567380294065,4.008693316844159,0.21916342118524756,13
49,90.0,105.0,0.75,0.05,0.25,grid,0.001,3.623272023686103,4.008693316844159,0.38542129315805607,11
49,90.0,105.0,0.75,0.05,0.25,grid,0.005,6.1180025626641354,4.008693316844159,2.1093092458199765,13
49,90.0,105.0,0.75,0.05,0.25,grid,0.01,11.086734075148708,4.008693316844159,7.0780407583045495,17
50,100.0,95.0,0.25,0.05,0.2,grid,0,7.952503795814297,7.858571340089574,0.09393245572472342,15
50,100.0,95.0,0.25,0.05,0.2,grid,0.0001,7.765471896402351,7.858571340089574,0.09309944368722256,15
50,100.0,95.0,0.25,0.05,0.2,grid,0.001,8.094768477327149,7.858571340089574,0.23619713723757485,17
50,100.0,95.0,0.25,0.05,0.2,grid,0.005,13.352369208169513,7.858571340089574,5.493797868079939,7
50,100.0,95.0,0.25,0.05,0.2,grid,0.01,17.15976027664953,7.858571340089574,9.301188936559955,9
